section,d(m),V(m/s),V(km/h),a(m/s^2),Time(s)
Straight,0,23.985035,86.346,0.0,0.0
Straight,10,23.998304,86.394,0.031836,0.416811
Straight,20,23.984779,86.345,-0.032449,0.833625
Straight,30,23.968403,86.286,-0.039264,1.250698
Straight,40,23.952165,86.228,-0.038907,1.668056
Straight,50,23.936064,86.17,-0.038552,2.085695
Straight,60,23.9201,86.112,-0.0382,2.503614
Straight,70,23.924341,86.128,0.010145,2.921635
Straight,80,23.930771,86.151,0.015386,3.339563
Straight,90,23.93714,86.174,0.015245,3.75738
Straight,100,23.94345,86.196,0.015106,4.175086
Straight,110,23.949701,86.219,0.014968,4.592682
Straight,120,23.979626,86.327,0.071716,5.009963
Straight,130,24.037361,86.534,0.138612,5.426482
Straight,140,24.094434,86.74,0.137352,5.842008
Straight,150,24.150858,86.943,0.136109,6.256556
Straight,160,24.206644,87.144,0.134882,6.670142
Straight,170,24.261801,87.342,0.133671,7.082782
Straight,180,24.316342,87.539,0.132475,7.49449
Straight,190,24.370277,87.733,0.131294,7.90528
Straight,200,24.423614,87.925,0.130128,8.315168
Straight,210,24.476366,88.115,0.128977,8.724166
Straight,220,24.52854,88.303,0.127839,9.132288
Straight,230,24.580146,88.489,0.126716,9.539548
Straight,240,24.631194,88.672,0.125607,9.945959
Straight,250,24.681692,88.854,0.124511,10.351532
Straight,260,24.731649,89.034,0.123428,10.756281
Straight,270,24.781074,89.212,0.122358,11.160218
Straight,280,24.829975,89.388,0.1213,11.563354
Straight,290,24.878359,89.562,0.120256,11.965701
Straight,300,24.926236,89.734,0.119223,12.36727
Straight,310,24.997801,89.992,0.178642,12.767879
Straight,320,25.164809,90.593,0.418878,13.166582
Straight,330,25.329317,91.186,0.415333,13.562668
Straight,340,25.491399,91.769,0.411855,13.956208
Straight,350,25.651125,92.344,0.40844,14.347272
Straight,360,25.600591,92.162,-0.129496,14.737503
Straight,370,25.544308,91.96,-0.143929,15.128549
Straight,380,25.487888,91.756,-0.143963,15.520458
Straight,390,25.431327,91.553,-0.144002,15.913237
Straight,400,25.374623,91.349,-0.144044,16.306892
Straight,410,25.317774,91.144,-0.144091,16.701428
Straight,420,25.260777,90.939,-0.144142,17.096853
Straight,430,25.152774,90.55,-0.27224,17.493572
Straight,440,25.010146,90.037,-0.357732,17.892272
Straight,450,24.866622,89.52,-0.357925,18.293261
Straight,460,24.736562,89.052,-0.322571,18.696461
Straight,470,24.627403,88.659,-0.269425,19.101615
Straight,480,24.517677,88.264,-0.269626,19.508573
Straight,490,24.420484,87.914,-0.23782,19.917252
Straight,500,24.353523,87.673,-0.163299,20.327306
Straight,510,24.286316,87.431,-0.163445,20.738492
Straight,520,24.21886,87.188,-0.163598,21.150819
Straight,530,24.15115,86.944,-0.163758,21.564298
Straight,540,24.083179,86.699,-0.163926,21.978941
Straight,550,24.014944,86.454,-0.1641,22.394757
Straight,560,23.946438,86.207,-0.164281,22.81176
Straight,570,23.877657,85.96,-0.164471,23.229959
Straight,580,23.808594,85.711,-0.164667,23.649367
Straight,590,22.003617,79.213,-4.1345,24.085932
Turn,600,23.808594,85.711,4.1345,24.522497
Turn,610,23.808594,85.711,0.0,24.942513
Turn,620,23.808594,85.711,0.0,25.362529
Turn,630,23.808594,85.711,0.0,25.782546
Turn,640,23.808594,85.711,0.0,26.202562
Turn,650,23.808594,85.711,0.0,26.622579
Turn,660,23.808594,85.711,0.0,27.042595
Turn,670,23.594826,84.941,-0.506665,27.464506
Turn,680,23.207254,83.546,-0.906959,27.891837
Turn,690,22.813099,82.127,-0.906959,28.326427
Turn,700,22.412013,80.683,-0.906959,28.76866
Straight,710,11.574686,41.669,-18.416248,29.357125
Straight,720,11.680655,42.05,0.123218,30.217143
Straight,730,11.785672,42.428,0.123218,31.069428
Straight,740,11.889761,42.803,0.123218,31.914185
Straight,750,11.992947,43.175,0.123218,32.751611
Straight,760,12.095253,43.543,0.123218,33.581893
Straight,770,12.490752,44.967,0.486187,34.395364
Straight,780,12.85827,46.29,0.465811,35.184349
Straight,790,13.201963,47.527,0.447837,35.951802
Straight,800,13.525075,48.69,0.43179,36.700108
Straight,810,13.830188,49.789,0.417323,37.431229
Straight,820,14.119401,50.83,0.404169,38.146803
Straight,830,14.394442,51.82,0.392124,38.848216
Straight,840,14.722105,53.0,0.47702,39.535111
Straight,850,15.041217,54.148,0.474892,40.207079
Straight,860,15.34585,55.245,0.462846,40.865254
Straight,870,15.637428,56.295,0.451702,41.510763
Straight,880,15.917159,57.302,0.44134,42.144585
Straight,890,16.07201,57.859,0.247677,42.769797
Straight,900,16.209538,58.354,0.221981,43.389346
Straight,910,16.343092,58.835,0.217377,44.003736
Straight,920,16.472881,59.302,0.212957,44.613195
Straight,930,16.599097,59.757,0.208711,45.217937
Straight,940,16.721919,60.199,0.204627,45.818158
Straight,950,16.841509,60.629,0.200693,46.414045
Straight,960,16.958019,61.049,0.1969,47.005769
Straight,970,17.029888,61.308,0.122135,47.594214
Straight,980,17.089747,61.523,0.102117,48.180387
Straight,990,17.148314,61.734,0.100261,48.764532
Straight,1000,17.205631,61.94,0.098453,49.346707
Straight,1010,17.261736,62.142,0.096691,49.926966
Straight,1020,16.854439,60.676,-0.694772,50.513198
Straight,1030,16.461089,59.26,-0.655234,51.113519
Straight,1040,16.052987,57.791,-0.663453,51.728637
Straight,1050,15.628332,56.262,-0.67268,52.359924
Straight,1060,15.184951,54.666,-0.683102,53.008994
Straight,1070,14.720173,52.993,-0.694962,53.677776
Straight,1080,14.350631,51.662,-0.537143,54.365752
Straight,1090,13.976801,50.316,-0.529483,55.071781
Straight,1100,13.583556,48.901,-0.541899,55.797461
Straight,1110,13.167848,47.404,-0.556038,56.545085
Straight,1120,12.725792,45.813,-0.572322,57.317476
Straight,1130,12.252307,44.108,-0.591338,58.118177
Straight,1140,11.895448,42.824,-0.430867,58.946411
Straight,1150,11.529709,41.507,-0.428375,59.800194
Straight,1160,11.134119,40.083,-0.448278,60.682658
Straight,1170,10.701868,38.527,-0.471932,61.598577
Straight,1180,10.23069,36.83,-0.493148,62.554026
Straight,1190,9.712039,34.963,-0.517166,63.556898
Straight,1200,23.808594,85.711,23.626272,64.153546
Straight,1210,23.808594,85.711,0.0,64.573562
Straight,1220,23.808594,85.711,0.0,64.993579
Straight,1230,23.808594,85.711,0.0,65.413595
Straight,1240,23.808594,85.711,0.0,65.833611
Straight,1250,23.808594,85.711,0.0,66.253628
Straight,1260,23.808594,85.711,0.0,66.673644
Straight,1270,23.808594,85.711,0.0,67.093661
Straight,1280,23.808594,85.711,0.0,67.513677
Straight,1290,23.808594,85.711,0.0,67.933693
Straight,1300,23.808594,85.711,0.0,68.35371
Straight,1310,23.808594,85.711,0.0,68.773726
Straight,1320,23.808594,85.711,0.0,69.193743
Straight,1330,23.808594,85.711,0.0,69.613759
Straight,1340,23.808594,85.711,0.0,70.033775
Straight,1350,23.808594,85.711,0.0,70.453792
Straight,1360,23.808594,85.711,0.0,70.873808
Straight,1370,23.808594,85.711,0.0,71.293825
Straight,1380,23.808594,85.711,0.0,71.713841
Straight,1390,23.808594,85.711,0.0,72.133857
Straight,1400,23.808594,85.711,0.0,72.553874
Straight,1410,23.808594,85.711,0.0,72.97389
Straight,1420,23.808594,85.711,0.0,73.393907
Straight,1430,23.808594,85.711,0.0,73.813923
Straight,1440,23.808594,85.711,0.0,74.23394
Straight,1450,23.808594,85.711,0.0,74.653956
Straight,1460,23.808594,85.711,0.0,75.073972
Straight,1470,23.808594,85.711,0.0,75.493989
Straight,1480,23.808594,85.711,0.0,75.914005
Straight,1490,23.808594,85.711,0.0,76.334022
Straight,1500,23.808594,85.711,0.0,76.754038
Straight,1510,23.808594,85.711,0.0,77.174054
Straight,1520,23.808594,85.711,0.0,77.594071
Straight,1530,23.808594,85.711,0.0,78.014087
Straight,1540,23.808594,85.711,0.0,78.434104
Straight,1550,23.808594,85.711,0.0,78.85412
Straight,1560,23.808594,85.711,0.0,79.274136
Straight,1570,23.808594,85.711,0.0,79.694153
Straight,1580,23.808594,85.711,0.0,80.114169
Straight,1590,23.732284,85.436,-0.181392,80.53486
Straight,1600,23.346994,84.049,-0.906959,80.959675
Straight,1610,22.955238,82.639,-0.906959,81.39162
Straight,1620,22.556679,81.204,-0.906959,81.831065
Straight,1630,22.150951,79.743,-0.906959,82.278416
Straight,1640,21.73765,78.256,-0.906959,82.734115
Straight,1650,21.316338,76.739,-0.906959,83.198648
Straight,1660,20.886529,75.192,-0.906959,83.67255
Straight,1670,20.447687,73.612,-0.906959,84.15641
Straight,1680,19.999219,71.997,-0.906959,84.650886
Straight,1690,19.54046,70.346,-0.906959,85.156707
Straight,1700,19.070669,68.654,-0.906959,85.674692
Straight,1710,18.589008,66.92,-0.906959,86.205764
Straight,1720,18.094531,65.14,-0.906959,86.750968
Straight,1730,17.586156,63.31,-0.906959,87.311495
Straight,1740,17.062641,61.426,-0.906959,87.888716
Straight,1750,16.522547,59.481,-0.906959,88.484216
Straight,1760,15.96419,57.471,-0.906959,89.099852
Straight,1770,15.385584,55.388,-0.906959,89.737815
Straight,1780,14.784351,53.224,-0.906959,90.400727
Straight,1790,14.157608,50.967,-0.906959,91.091765
Turn,1800,13.501803,48.606,-0.906959,91.814846
Turn,1810,12.812475,46.125,-0.906959,92.57489
Turn,1820,12.083888,43.502,-0.906959,93.37822
Turn,1830,11.308455,40.71,-0.906959,94.233201
Turn,1840,10.475781,37.713,-0.906959,95.151296
Turn,1850,9.570936,34.455,-0.906959,96.148965
Turn,1860,8.571094,30.856,-0.906959,97.251378
Turn,1870,8.571094,30.856,0.0,98.41809
Turn,1880,9.379498,33.766,0.725567,99.53226
Turn,1890,10.123553,36.445,0.725567,100.55774
Turn,1900,10.816546,38.94,0.725567,101.512845
Straight,1910,11.684888,42.066,0.976948,102.401678
Straight,1920,11.936129,42.97,0.296729,103.248381
Straight,1930,12.18219,43.856,0.296729,104.077626
Straight,1940,12.423378,44.724,0.296729,104.890451
Straight,1950,12.659972,45.576,0.296729,105.687792
Straight,1960,12.892225,46.412,0.296729,106.470504
Straight,1970,13.347503,48.051,0.597319,107.232707
Straight,1980,13.768632,49.567,0.570969,107.970275
Straight,1990,14.130333,50.869,0.504555,108.687148
Straight,2000,14.472569,52.101,0.489447,109.386377
Straight,2010,14.797614,53.271,0.475706,110.069666
Straight,2020,15.06492,54.234,0.399122,110.739402
Straight,2030,15.258232,54.93,0.293091,111.398964
Straight,2040,15.444533,55.6,0.285997,112.050371
Straight,2050,15.624319,56.248,0.279287,112.694103
Straight,2060,15.798032,56.873,0.272924,113.330592
Straight,2070,15.96607,57.478,0.266878,113.960234
Straight,2080,16.194781,58.301,0.367778,114.582108
Straight,2090,16.431854,59.155,0.386744,115.195104
Straight,2100,16.708805,60.152,0.458918,115.798592
Straight,2110,16.981211,61.132,0.458868,116.39224
Straight,2120,17.244332,62.08,0.450273,116.976599
Straight,2130,17.498855,62.996,0.442146,117.552251
Straight,2140,17.745385,63.883,0.434438,118.11972
Straight,2150,17.984463,64.744,0.427111,118.679476
Straight,2160,18.216571,65.58,0.420128,119.231947
Straight,2170,18.430091,66.348,0.391239,119.777699
Straight,2180,18.625997,67.054,0.362976,120.317421
Straight,2190,18.816957,67.741,0.357506,120.851567
Straight,2200,18.982169,68.336,0.312243,121.38068
Straight,2210,19.14128,68.909,0.303293,121.905291
Straight,2220,19.296853,69.469,0.298997,122.425608
Straight,2230,19.449042,70.017,0.294835,122.941792
Straight,2240,19.597991,70.553,0.290801,123.453995
Straight,2250,19.682966,70.859,0.166896,123.963147
Straight,2260,19.759708,71.135,0.151345,124.470212
Straight,2270,19.835147,71.407,0.14935,124.975328
Straight,2280,19.909319,71.674,0.147397,125.478543
Straight,2290,19.98226,71.936,0.145485,125.979902
Straight,2300,20.054001,72.194,0.143613,126.479449
Straight,2310,20.124575,72.448,0.141778,126.977227
Straight,2320,20.194011,72.698,0.139979,127.473276
Straight,2330,20.26234,72.944,0.138216,127.967636
Straight,2340,20.323467,73.164,0.124044,128.460419
Straight,2350,20.101098,72.364,-0.44946,128.955168
Straight,2360,19.810175,71.317,-0.580554,129.456279
Straight,2370,19.513342,70.248,-0.583626,129.964881
Straight,2380,19.210181,69.157,-0.586972,130.481363
Straight,2390,18.891707,68.01,-0.606723,131.006271
Turn,2400,8.728375,31.422,-14.035604,131.730382
Turn,2410,7.61875,27.428,-0.906959,132.953839
Turn,2420,7.61875,27.428,0.0,134.26639
Turn,2430,8.094922,29.142,0.37412,135.539167
Turn,2440,8.571094,30.856,0.396794,136.739214
Turn,2450,9.047266,32.57,0.419468,137.874393
Turn,2460,9.332969,33.599,0.262565,138.962519
Turn,2470,9.523438,34.284,0.179578,140.023166
Turn,2480,10.475781,37.713,0.952307,141.023205
Turn,2490,10.951953,39.427,0.510164,141.956575
Straight,2500,20.951563,75.426,15.951135,142.583465
Straight,2510,21.02411,75.687,0.152262,143.059932
Straight,2520,21.088407,75.918,0.135384,143.53485
Straight,2530,21.151769,76.146,0.133821,144.008333
Straight,2540,21.214218,76.371,0.132286,144.480409
Straight,2550,21.275774,76.593,0.130777,144.951109
Straight,2560,21.336458,76.811,0.129293,145.420457
Straight,2570,21.396288,77.027,0.127835,145.888483
Straight,2580,21.480125,77.328,0.17973,146.354939
Straight,2590,21.599772,77.759,0.257721,146.819193
Straight,2600,21.71745,78.183,0.254874,147.280903
Straight,2610,21.833218,78.6,0.252088,147.740138
Straight,2620,21.947133,79.01,0.249361,148.196964
Straight,2630,22.059248,79.413,0.24669,148.651444
Straight,2640,22.143943,79.718,0.187188,149.1039
Straight,2650,22.124823,79.649,-0.042319,149.555686
Straight,2660,22.105889,79.581,-0.041875,150.00786
Straight,2670,22.087137,79.514,-0.041435,150.46042
Straight,2680,22.068567,79.447,-0.040999,150.913363
Straight,2690,22.050177,79.381,-0.040567,151.366685
Straight,2700,22.031966,79.315,-0.040138,151.820383
Straight,2710,22.013933,79.25,-0.039714,152.274455
Straight,2720,21.996077,79.186,-0.039293,152.728897
Straight,2730,21.978395,79.122,-0.038876,153.183707
Straight,2740,21.960888,79.059,-0.038463,153.63888
Straight,2750,21.943553,78.997,-0.038054,154.094415
Straight,2760,22.115286,79.615,0.378319,154.548353
Straight,2770,22.30463,80.297,0.420533,154.998602
Straight,2780,22.490431,80.966,0.416148,155.44508
Straight,2790,22.672825,81.622,0.411875,155.887918
Straight,2800,22.851941,82.267,0.40771,156.327239
Straight,2810,23.027898,82.9,0.403645,156.76316
Straight,2820,23.20081,83.523,0.399676,157.195792
Straight,2830,23.370785,84.135,0.395798,157.625238
Straight,2840,23.537921,84.737,0.392008,158.051598
Straight,2850,23.702315,85.328,0.388301,158.474966
Straight,2860,23.8417,85.83,0.331344,158.895629
Straight,2870,23.927047,86.137,0.203847,159.314313
Straight,2880,24.011313,86.441,0.201978,159.731515
Straight,2890,24.09452,86.74,0.200138,160.147265
Straight,2900,24.176691,87.036,0.198325,160.561591
Straight,2910,24.223014,87.203,0.1121,160.974816
Straight,2920,24.234016,87.242,0.026657,161.387553
Straight,2930,24.244915,87.282,0.026419,161.800104
Straight,2940,24.216105,87.178,-0.06981,162.212806
Straight,2950,24.150007,86.94,-0.159845,162.626319
Straight,2960,24.085061,86.706,-0.156632,163.040955
Straight,2970,24.027188,86.498,-0.139221,163.45665
Straight,2980,23.969701,86.291,-0.13796,163.873343
Straight,2990,23.912601,86.085,-0.136705,164.291034
Turn,3000,18.069452,65.05,-12.265368,164.767428
Turn,3010,17.560351,63.217,-0.906959,165.328756
Turn,3020,17.036043,61.33,-0.906959,165.906851
Turn,3030,16.495078,59.382,-0.906959,166.503312
Turn,3040,15.935759,57.369,-0.906959,167.120009
Turn,3050,15.356082,55.282,-0.906959,167.759153
Turn,3060,14.753646,53.113,-0.906959,168.42339
Turn,3070,14.125541,50.852,-0.906959,169.115931
Turn,3080,13.468174,48.485,-0.906959,169.840733
Turn,3090,12.777032,45.997,-0.906959,170.602777
Turn,3100,12.046301,43.367,-0.906959,171.408471
Turn,3110,11.268283,40.566,-0.906959,172.266303
Turn,3120,10.432403,37.557,-0.906959,173.187933
Turn,3130,9.523438,34.284,-0.906959,174.190146
Turn,3140,9.523438,34.284,0.0,175.240187
Turn,3150,9.523438,34.284,0.0,176.290228
Turn,3160,9.523438,34.284,0.0,177.340269
Turn,3170,9.523438,34.284,0.0,178.39031
Turn,3180,10.257056,36.925,0.725567,179.401407
Turn,3190,10.941597,39.39,0.725567,180.344863
Turn,3200,11.585762,41.709,0.725567,181.232672
Turn,3210,12.195951,43.905,0.725567,182.073655
Turn,3220,12.777032,45.997,0.725567,182.87452
Turn,3230,13.332813,47.998,0.725567,183.640515
Turn,3240,13.866334,49.919,0.725567,184.375832
Turn,3250,14.380075,51.768,0.725567,185.083887
Turn,3260,14.876085,53.554,0.725567,185.767503
Turn,3270,15.356082,55.282,0.725567,186.42905
Turn,3280,15.821523,56.957,0.725567,187.070536
Turn,3290,16.273657,58.585,0.725567,187.693683
Turn,3300,16.713565,60.169,0.725567,188.299978
Turn,3310,17.142188,61.712,0.725567,188.89072
Turn,3320,17.560351,63.217,0.725567,189.467047
Turn,3330,17.968786,64.688,0.725567,190.029965
Turn,3340,18.368141,66.125,0.725567,190.580369
Turn,3350,18.758996,67.532,0.725567,191.119059
Turn,3360,19.141872,68.911,0.725567,191.646751
Turn,3370,19.517239,70.262,0.725567,192.164094
Turn,3380,19.885521,71.588,0.725567,192.671672
Turn,3390,20.247106,72.89,0.725567,193.17002
Turn,3400,20.602345,74.168,0.725567,193.659622
Turn,3410,20.951563,75.426,0.725567,194.140925
Turn,3420,20.951563,75.426,0.0,194.618216
Straight,3430,21.02411,75.687,0.152262,195.094683
Straight,3440,21.088407,75.918,0.135384,195.569601
Straight,3450,21.151769,76.146,0.133821,196.043084
Straight,3460,21.214218,76.371,0.132286,196.515161
Straight,3470,21.275774,76.593,0.130777,196.98586
Straight,3480,21.336458,76.811,0.129293,197.455209
Straight,3490,21.396288,77.027,0.127835,197.923234
Straight,3500,21.480125,77.328,0.17973,198.389691
Straight,3510,21.599772,77.759,0.257721,198.853944
Straight,3520,21.71745,78.183,0.254874,199.315654
Straight,3530,21.833218,78.6,0.252088,199.77489
Straight,3540,21.947133,79.01,0.249361,200.231716
Straight,3550,22.059248,79.413,0.24669,200.686195
Straight,3560,22.143943,79.718,0.187188,201.138651
Straight,3570,22.124823,79.649,-0.042319,201.590437
Straight,3580,22.105889,79.581,-0.041875,202.042611
Straight,3590,22.087137,79.514,-0.041435,202.495172
Straight,3600,22.068567,79.447,-0.040999,202.948114
Straight,3610,22.050177,79.381,-0.040567,203.401436
Straight,3620,22.031966,79.315,-0.040138,203.855135
Straight,3630,22.013933,79.25,-0.039714,204.309206
Straight,3640,21.996077,79.186,-0.039293,204.763649
Straight,3650,21.978395,79.122,-0.038876,205.218458
Straight,3660,21.960888,79.059,-0.038463,205.673631
Straight,3670,21.943553,78.997,-0.038054,206.129166
Straight,3680,22.115286,79.615,0.378319,206.583105
Straight,3690,22.30463,80.297,0.420533,207.033353
Straight,3700,22.490431,80.966,0.416148,207.479831
Straight,3710,22.672825,81.622,0.411875,207.922669
Straight,3720,22.851941,82.267,0.40771,208.36199
Straight,3730,23.027898,82.9,0.403645,208.797911
Straight,3740,23.20081,83.523,0.399676,209.230543
Straight,3750,23.370785,84.135,0.395798,209.659989
Straight,3760,23.537921,84.737,0.392008,210.086349
Straight,3770,23.702315,85.328,0.388301,210.509717
Straight,3780,23.8417,85.83,0.331344,210.93038
Straight,3790,23.927047,86.137,0.203847,211.349064
Straight,3800,24.011313,86.441,0.201978,211.766266
Straight,3810,24.09452,86.74,0.200138,212.182016
Straight,3820,24.176691,87.036,0.198325,212.596342
Straight,3830,24.223014,87.203,0.1121,213.009568
Straight,3840,24.234016,87.242,0.026657,213.422304
Straight,3850,24.244915,87.282,0.026419,213.834855
Straight,3860,24.216105,87.178,-0.06981,214.247558
Straight,3870,24.150007,86.94,-0.159845,214.66107
Straight,3880,24.085061,86.706,-0.156632,215.075706
Straight,3890,24.027188,86.498,-0.139221,215.491401
Straight,3900,23.969701,86.291,-0.13796,215.908095
Straight,3910,23.912601,86.085,-0.136705,216.325785
Straight,3920,23.855887,85.881,-0.135457,216.744472
Straight,3930,23.859983,85.896,0.009774,217.163619
Straight,3940,23.874096,85.947,0.033682,217.582607
Straight,3950,23.888442,85.998,0.034262,218.001345
Straight,3960,23.902649,86.05,0.033947,218.419833
Straight,3970,23.916717,86.1,0.033637,218.838074
Straight,3980,23.930648,86.15,0.033329,219.25607
Straight,3990,23.944444,86.2,0.033024,219.673824
Straight,4000,23.958106,86.249,0.032722,220.091338
Straight,4010,23.971636,86.298,0.032424,220.508615
